scenario,event_id,t0_us,t1_us,t2_us,t3_us,t4_us,status
S0,1,1369253316,1369253328,1369253345,1369253373,1369258928,ok
S0,2,1369950084,1369950098,1369950121,1369950149,1369955702,ok
S0,3,1370468312,1370468324,1370468342,1370468369,1370473926,ok
S0,4,1370972937,1370972949,1370972966,1370972994,1370978551,ok
S0,5,1371430600,1371430612,1371430641,1371430668,1371436220,ok
S0,6,1371970553,1371970564,1371970582,1371970610,1371976162,ok
S0,7,1372386045,1372386059,1372386076,1372386104,1372391660,ok
S0,8,1372775192,1372775204,1372775221,1372775249,1372780802,ok
S0,9,1373136075,1373136087,1373136104,1373136134,1373141690,ok
S0,10,1373550151,1373550165,1373550183,1373550214,1373555766,ok
